unresolved_text,count,example_message_ids,proposed_type,candidate_1_id,candidate_1_name,candidate_1_caza,candidate_2_id,candidate_2_name,candidate_2_caza,candidate_3_id,candidate_3_name,candidate_3_caza,recommended_id,approve,place_detail,notes
عيتا الجبل,16,2083;28385;28444;28453;28475,alias_to_village,78,عيتا الجبل الزط,Bint Jubail,,,,,,,78,yes,,approved by Hussein
‏ «جھ,11,,alias_to_village,,,,,,,,,,,,,
اد𓂆»,11,,alias_to_village,,,,,,,,,,,,,
حلتا,10,27972;27977;28092;28316;28327,alias_to_village,1528,زحلتا,Jezzine,,,,,,,,no,,rejected: زحلتا is a different village; no active Hasbaiya حلتا exists
القصير,10,27977;27993;28010;28017;28022,alias_to_village,18,عدشيت القصير,Marjaayoun,,,,,,,18,yes,,approved by Hussein
الطيبه,10,29232;29239;29617;29730;29733,alias_to_village,1440,طيبة مرجعيون,Marjaayoun,,,,,,,1440,,,pending human approval; candidate search fixed for definite article and taa marbuta
علمان الشومريه,10,29232;29239;30805;30812;30813,alias_to_village,,,,,,,,,,,,,
مزرعه بسطره عند اطراف كفرشوبا,9,,place_detail_of_village,813,كفر شوبا,Hasbaiya,,,,,,,813,,,pending human approval
وادي مظلم,9,27977;28092;28316;28327;28370,place_detail_of_village,269,بيت ليف,Bint Jubail,,,,,,,269,yes,وادي مظلم,approved by Hussein
صريين,8,28017;28044;28045;31628;38081,alias_to_village,1412,صربين,Bint Jubail,,,,,,,1412,yes,,approved by Hussein
سدانه,8,,place_detail_of_village,672,هبّارية,Hasbaiya,,,,,,,672,yes,سدانه,approved by Hussein
اطراف عيتا الجبل,8,,alias_to_village,,,,,,,,,,,,,
مرتفعات حلتا,8,29617;29730;29733;30628;30629,alias_to_village,,,,,,,,,,,,,
حرش عيتا الجبل,8,35042;35070;35282;35283;35286,alias_to_village,,,,,,,,,,,,,
دوحه كفرمان,6,29232;29239;30805;30812;30813,alias_to_village,851,كفر رمان,Nabatiye,,,,,,,851,yes,,approved by Hussein; same village as دوحه كفررمان
محلقات,6,28514;28746;29232;29239;30805,alias_to_village,,,,,,,,,,,,,
ميس الجبل,6,27977;27993;28010;28017;28022,alias_to_village,1079,ميس الجبل,Marjaayoun,,,,,,,1079,,,
مجري نهر الخردله,5,,place_detail_of_village,,,,,,,,,,,,,
حي الدير,5,29389;29390;29397;31605;31715,place_detail_of_village,1153,نبطية الفوقا,Nabatiye,,,,,,,1153,yes,حي الدير,approved by Hussein
مرتفعات حلتا بقذيفتين,5,29617;29730;29733;30628;30629,alias_to_village,,,,,,,,,,,,,
الطيبه لجهه دير سريان,5,,alias_to_village,524,دير سريان,Marjaayoun,,,,,,,,no,,rejected: primary is الطيبة
بسطره,5,1115;1116;1121;1276;1277,alias_to_village,,,,,,,,,,,,,
تحركات واليات العدو,5,,not_a_place,,,,,,,,,,,,,
حانين,5,32249;32386;32877;32885;32888,alias_to_village,616,حنين,Bint Jubail,,,,,,,616,yes,,approved by Hussein after DB identity verification
السدانه-كفرشوبا,5,32249;32386;32877;32885;32888,place_detail_of_village,,,,,,,,,,,,,
بين القنطره-الطيبه,5,32249;32386;32877;32885;32888,alias_to_village,1228,قنطرة,Marjaayoun,,,,,,,,no,,rejected: pair resolves after الطيبة decision
النبطيه الفوقا,5,27972;27977;27993;27996;28010,alias_to_village,1153,نبطية الفوقا,Nabatiye,,,,,,,1153,,,
وادي الحجير,5,2083;28453;28640;29070;29072,place_detail_of_village,,,,,,,,,,,,,
القصف المدفعي المعادي,5,1115;1116;1121;1276;1277,alias_to_village,,,,,,,,,,,,,
الاعتداءات بالمحلقات,4,28514;28746;31778;31783,not_a_place,,,,,,,,,,,,,
