message_id,source,pipeline_status,duplicate_of_id,shape,sections,distinct_actions,expected_rows,incidents_created,recall,village_presence_recall,tier1_names,text_length,unmatched_segments,clean_parse
1115,mehwaralmokawma,materialized,,sectioned,5,5,10,3,0.3,0.857,6,382,2,False
1116,hashemsayed,duplicate,1276,sectioned,5,5,10,0,,,7,337,2,False
1121,Janoubana,duplicate,1276,sectioned,5,5,10,0,,,7,321,2,False
1239,mehwaralmokawma,duplicate,1240,sectioned,3,3,7,0,,,7,258,0,True
1240,alichoeib1970,materialized,,sectioned,3,3,7,5,0.714,0.714,6,190,0,True
1276,mehwaralmokawma,materialized,,sectioned,5,5,10,2,0.2,0.857,6,382,2,False
1277,hashemsayed,duplicate,1276,sectioned,5,5,10,0,,,7,337,2,False
1278,Janoubana,duplicate,1276,sectioned,5,5,10,0,,,7,321,2,False
2083,alichoeib1970,duplicate,29017,sectioned,2,2,7,0,,,7,199,2,False
2187,mehwaralmokawma,duplicate,1240,sectioned,3,3,7,0,,,7,258,0,True
2188,alichoeib1970,duplicate,1240,sectioned,3,3,7,0,,,6,190,0,True
27972,alichoeib1970,error,,sectioned,2,2,7,0,,,6,345,2,False
27977,sameralhajali,materialized,,sectioned,3,3,30,1,0.033,0.857,19,733,5,False
27993,nabatiehchannel,error,,sectioned,6,6,36,0,,,0,653,0,True
27996,hashemsayed,materialized,,sectioned,4,4,10,1,0.1,0.375,5,397,4,False
28010,sameralhajali,error,,sectioned,6,6,36,0,,,0,653,0,True
28017,sameralhajali,duplicate,28044,sectioned,4,4,23,0,,,18,485,2,False
28022,Janoubana,materialized,,sectioned,6,6,35,8,0.229,0.44,15,722,1,False
28038,alichoeib1970,materialized,,sectioned,6,6,36,9,0.25,0.846,23,685,0,True
28044,alichoeib1970,materialized,,sectioned,4,4,23,14,0.609,0.789,17,503,2,False
28045,mehwaralmokawma,duplicate,28017,sectioned,4,4,23,0,,,0,527,2,False
28089,Janoubana,duplicate,28017,sectioned,4,4,27,0,,,0,557,1,False
28092,alichoeib1970,duplicate,27977,sectioned,3,3,30,0,,,19,765,5,False
28169,sameralhajali,error,,no_sections,0,0,0,0,,,1,530,0,False
28316,nabatiehchannel,duplicate,27977,sectioned,3,3,30,0,,,0,729,5,False
28327,Janoubana,duplicate,27977,sectioned,3,3,30,0,,,0,797,6,False
28370,mehwaralmokawma,duplicate,27977,sectioned,3,3,30,0,,,0,801,5,False
28385,mehwaralmokawma,error,,sectioned,4,4,35,0,,,16,872,10,False
28444,alichoeib1970,error,,sectioned,4,4,35,17,,,21,863,10,False
28453,alichoeib1970,materialized,,sectioned,5,6,54,24,0.444,0.833,25,716,6,False
28475,sameralhajali,error,,sectioned,4,4,35,0,,,16,824,10,False
28514,mehwaralmokawma,materialized,,sectioned,4,4,29,2,0.069,0.36,11,746,11,False
28539,nabatiehchannel,materialized,,sectioned,2,2,7,6,0.857,0.857,6,184,0,True
28588,Janoubana,materialized,,sectioned,4,4,19,9,0.474,0.941,21,505,1,False
28592,sameralhajali,duplicate,32489,sectioned,4,4,24,0,,,0,505,3,False
28640,nabatiehchannel,duplicate,28453,sectioned,5,6,54,0,,,20,715,6,False
28746,sameralhajali,materialized,,sectioned,4,4,29,0,0.0,0.16,6,698,11,False
28776,Janoubana,materialized,,sectioned,2,2,7,3,0.429,0.833,9,490,0,True
29051,mehwaralmokawma,error,,no_sections,0,0,0,0,,,4,239,0,False
29070,sameralhajali,error,,sectioned,4,4,31,0,,,0,758,8,False
29072,nabatiehchannel,error,,sectioned,4,4,31,0,,,0,759,8,False
29090,Janoubana,duplicate,31443,sectioned,3,3,9,0,,,6,408,2,False
29118,nabatiehchannel,materialized,,no_sections,0,0,0,6,,,13,1023,0,False
29153,mehwaralmokawma,duplicate,28169,no_sections,0,0,0,0,,,0,643,0,False
29223,nabatiehchannel,duplicate,32271,sectioned,3,3,19,0,,,0,404,0,True
29228,nabatiehchannel,duplicate,32016,sectioned,5,5,26,0,,,0,597,4,False
29232,nabatiehchannel,error,,sectioned,5,5,37,0,,,23,689,14,False
29239,Janoubana,error,,sectioned,5,5,37,0,,,16,685,14,False
29258,nabatiehchannel,duplicate,28169,no_sections,0,0,0,0,,,0,529,0,False
29282,sameralhajali,error,,sectioned,5,6,54,0,,,25,709,6,False
29389,mehwaralmokawma,duplicate,31605,sectioned,5,5,29,0,,,0,676,2,False
29390,sameralhajali,materialized,,sectioned,5,5,29,2,0.069,0.727,18,603,2,False
29397,Janoubana,duplicate,29390,sectioned,5,5,29,0,,,0,578,2,False
29408,nabatiehchannel,error,,no_sections,0,0,0,0,,,3,171,0,False
29456,mehwaralmokawma,materialized,,sectioned,4,4,7,0,0.0,0.571,4,310,1,False
29482,mehwaralmokawma,duplicate,31394,sectioned,3,3,9,0,,,0,507,2,False
29617,nabatiehchannel,error,,sectioned,4,4,41,0,,,12,1168,20,False
29730,sameralhajali,materialized,,sectioned,4,4,41,3,0.073,0.263,12,1167,20,False
29733,alichoeib1970,materialized,,sectioned,4,4,41,2,0.049,0.211,10,1201,20,False
29812,nabatiehchannel,error,,sectioned,4,4,35,0,,,15,819,10,False
30312,mehwaralmokawma,materialized,,sectioned,5,5,28,9,0.321,0.75,16,681,0,True
30338,alichoeib1970,duplicate,32271,sectioned,3,3,19,0,,,0,436,0,True
30354,alichoeib1970,materialized,,sectioned,5,5,28,1,0.036,0.55,13,615,0,True
30362,nabatiehchannel,materialized,,sectioned,5,5,28,1,0.036,0.3,6,583,0,True
30365,Janoubana,materialized,,sectioned,5,5,29,3,0.103,0.905,21,589,0,True
30403,Janoubana,materialized,,no_sections,0,0,0,0,,,4,207,0,False
30475,nabatiehchannel,error,,sectioned,2,2,15,0,,,6,786,9,False
30628,mehwaralmokawma,materialized,,sectioned,4,4,41,0,0.0,0.237,12,1215,20,False
30629,Janoubana,materialized,,sectioned,4,4,41,4,0.098,0.368,21,1170,20,False
30805,nabatiehchannel,error,,sectioned,5,5,37,0,,,16,685,14,False
30812,sameralhajali,error,,sectioned,5,5,37,0,,,21,717,14,False
30813,alichoeib1970,error,,sectioned,5,5,38,0,,,9,760,15,False
30814,mehwaralmokawma,error,,sectioned,5,5,37,0,,,17,768,14,False
31010,hashemsayed,materialized,,sectioned,2,2,8,0,0.0,0.667,6,334,2,False
31021,sameralhajali,materialized,,sectioned,2,2,8,3,0.375,0.667,6,294,2,False
31155,mehwaralmokawma,materialized,,sectioned,4,4,31,2,0.065,0.407,13,806,8,False
31204,mehwaralmokawma,materialized,,sectioned,1,1,8,2,0.25,0.0,6,551,8,False
31257,mehwaralmokawma,materialized,,no_sections,0,0,0,1,,,3,306,0,False
31293,sameralhajali,duplicate,32016,sectioned,5,5,26,0,,,0,601,4,False
31394,alichoeib1970,materialized,,sectioned,3,3,9,2,0.222,0.556,6,438,2,False
31404,mehwaralmokawma,materialized,,sectioned,4,4,35,0,0.0,0.423,16,872,10,False
31412,sameralhajali,materialized,,sectioned,4,4,35,0,0.0,0.423,16,824,10,False
31414,alichoeib1970,error,,sectioned,4,4,35,0,,,21,863,10,False
31482,alichoeib1970,error,,sectioned,4,4,7,0,,,6,244,1,False
31594,alichoeib1970,error,,sectioned,4,4,31,0,,,0,793,8,False
31605,alichoeib1970,materialized,,sectioned,5,5,29,13,0.448,0.773,18,611,2,False
31628,nabatiehchannel,duplicate,28017,sectioned,4,4,23,0,,,0,472,2,False
31710,Janoubana,materialized,,sectioned,4,4,8,0,0.0,0.75,6,228,1,False
31714,nabatiehchannel,materialized,,sectioned,4,4,35,0,0.0,0.346,15,819,10,False
31715,nabatiehchannel,duplicate,29390,sectioned,5,5,29,0,,,0,574,2,False
31738,alichoeib1970,materialized,,no_sections,0,0,0,2,,,4,239,0,False
31778,alichoeib1970,materialized,,sectioned,4,4,29,2,0.069,0.44,15,733,11,False
31783,nabatiehchannel,error,,sectioned,4,4,29,0,,,6,700,11,False
32016,alichoeib1970,materialized,,sectioned,5,5,26,13,0.5,0.895,16,602,4,False
32249,mehwaralmokawma,materialized,,sectioned,4,4,23,16,0.696,0.833,16,664,3,False
32271,sameralhajali,materialized,,sectioned,3,3,19,5,0.263,0.75,13,404,0,True
32355,nabatiehchannel,materialized,,sectioned,3,3,13,3,0.231,0.5,8,546,5,False
32358,mehwaralmokawma,duplicate,32271,sectioned,3,3,19,0,,,0,470,0,True
32375,nabatiehchannel,materialized,,sectioned,2,2,11,6,0.545,0.455,9,369,6,False
32386,nabatiehchannel,error,,sectioned,4,4,23,0,,,0,640,3,False
32469,mehwaralmokawma,duplicate,32489,sectioned,4,4,24,0,,,0,560,3,False
32489,alichoeib1970,materialized,,sectioned,4,4,24,2,0.083,0.5,9,537,3,False
32495,nabatiehchannel,materialized,,sectioned,3,3,13,5,0.385,0.333,12,776,7,False
32548,Janoubana,duplicate,30313,sectioned,2,2,8,0,,,7,313,1,False
32645,alichoeib1970,materialized,,sectioned,2,2,7,4,0.571,0.833,6,199,2,False
32708,Janoubana,materialized,,sectioned,4,4,31,6,0.194,0.762,20,697,3,False
32877,Janoubana,duplicate,28942,sectioned,5,5,24,0,,,0,673,4,False
32885,alichoeib1970,duplicate,28942,sectioned,4,4,23,0,,,0,651,3,False
32888,sameralhajali,duplicate,28942,sectioned,4,4,23,0,,,0,619,3,False
32966,hashemsayed,duplicate,28169,no_sections,0,0,0,0,,,0,528,0,False
33092,nabatiehchannel,duplicate,33187,sectioned,5,5,28,0,,,0,512,0,True
33105,Janoubana,duplicate,33187,sectioned,5,5,28,0,,,0,570,0,True
33149,alichoeib1970,duplicate,33187,sectioned,5,5,28,0,,,0,549,0,True
33170,nabatiehchannel,materialized,,sectioned,2,2,7,15,1.0,0.125,8,482,4,False
33187,sameralhajali,materialized,,sectioned,5,5,28,7,0.25,0.944,17,517,0,True
33192,hashemsayed,materialized,,sectioned,3,3,4,3,0.75,1.0,5,187,0,True
34437,Janoubana,materialized,,sectioned,3,3,14,5,0.357,0.917,12,413,2,False
34440,nabatiehchannel,duplicate,34437,sectioned,3,3,14,0,,,0,413,2,False
34548,alichoeib1970,duplicate,34551,sectioned,5,5,26,0,,,19,534,2,False
34550,sameralhajali,duplicate,34548,sectioned,5,5,26,0,,,0,502,2,False
34551,nabatiehchannel,materialized,,sectioned,5,5,26,3,0.115,0.895,19,497,2,False
34597,mehwaralmokawma,duplicate,1240,sectioned,3,3,7,0,,,6,258,0,True
34598,alichoeib1970,duplicate,1240,sectioned,3,3,7,0,,,4,190,0,True
34601,sameralhajali,materialized,,no_sections,0,0,0,5,,,1,291,0,False
34602,mehwaralmokawma,duplicate,34601,no_sections,0,0,0,0,,,0,357,0,False
34604,Janoubana,duplicate,34601,no_sections,0,0,0,0,,,0,262,0,False
34606,bintjbeilnews,duplicate,34601,no_sections,0,0,0,0,,,0,764,0,False
34608,nabatiehchannel,duplicate,1240,sectioned,3,3,9,0,,,6,348,2,False
34648,mehwaralmokawma,duplicate,34583,no_sections,0,0,0,0,,,0,375,0,False
34649,nabatiehchannel,duplicate,34583,no_sections,0,0,0,0,,,0,327,0,False
34650,Janoubana,duplicate,34583,no_sections,0,0,0,0,,,0,335,0,False
34697,alichoeib1970,duplicate,1240,sectioned,4,4,20,0,,,6,450,0,True
34698,mehwaralmokawma,duplicate,34697,sectioned,4,4,20,0,,,0,516,0,True
34700,Janoubana,materialized,,sectioned,4,4,21,4,0.19,0.211,4,523,1,False
34701,nabatiehchannel,duplicate,34700,sectioned,4,4,21,0,,,0,523,1,False
34811,nabatiehchannel,materialized,,sectioned,3,3,12,1,0.083,0.5,10,513,5,False
34989,sameralhajali,duplicate,35837,sectioned,3,3,23,0,,,18,450,3,False
34990,nabatiehchannel,duplicate,34989,sectioned,3,3,23,0,,,0,447,3,False
34991,alichoeib1970,duplicate,34989,sectioned,3,3,23,0,,,0,482,3,False
34993,Janoubana,duplicate,34989,sectioned,3,3,23,0,,,0,495,3,False
34995,mehwaralmokawma,duplicate,35837,sectioned,3,3,25,0,,,6,394,2,False
35042,hashemsayed,duplicate,34824,no_sections,0,0,0,0,,,0,879,0,False
35070,nabatiehchannel,materialized,,sectioned,3,3,27,8,0.296,0.478,21,1075,14,False
35282,alichoeib1970,duplicate,35837,sectioned,3,3,30,0,,,25,567,6,False
35283,nabatiehchannel,duplicate,35282,sectioned,3,3,30,0,,,0,535,6,False
35286,Janoubana,duplicate,1337,sectioned,4,4,36,0,,,13,783,9,False
35315,sameralhajali,materialized,,no_sections,0,0,0,1,,,5,394,0,False
35316,Janoubana,duplicate,35315,no_sections,0,0,0,0,,,0,394,0,False
35318,mehwaralmokawma,duplicate,35315,no_sections,0,0,0,0,,,0,459,0,False
35638,alichoeib1970,duplicate,35837,sectioned,4,4,32,0,,,21,590,3,False
35640,mehwaralmokawma,duplicate,35638,sectioned,4,4,32,0,,,0,633,3,False
35641,nabatiehchannel,duplicate,35638,sectioned,4,4,32,0,,,0,555,3,False
35645,Janoubana,duplicate,1115,sectioned,3,3,31,0,,,21,515,4,False
35659,mehwaralmokawma,materialized,,sectioned,5,5,10,2,0.2,0.714,7,382,2,False
35660,hashemsayed,duplicate,35659,sectioned,5,5,10,0,,,7,337,2,False
35665,Janoubana,duplicate,1276,sectioned,5,5,10,0,,,8,321,2,False
35753,sameralhajali,duplicate,34824,no_sections,0,0,0,0,,,0,577,0,False
35754,mehwaralmokawma,duplicate,34824,no_sections,0,0,0,0,,,0,646,0,False
35755,Janoubana,duplicate,34824,no_sections,0,0,0,0,,,0,577,0,False
35756,nabatiehchannel,duplicate,34824,no_sections,0,0,0,0,,,0,578,0,False
35837,nabatiehchannel,materialized,,sectioned,4,4,24,8,0.333,0.947,18,476,2,False
35838,alichoeib1970,duplicate,35837,sectioned,4,4,24,0,,,0,512,2,False
35839,mehwaralmokawma,duplicate,35837,sectioned,4,4,24,0,,,0,534,2,False
36060,alichoeib1970,duplicate,36727,sectioned,3,3,17,0,,,15,440,5,False
36061,mehwaralmokawma,duplicate,36060,sectioned,3,3,17,0,,,0,506,5,False
36062,Janoubana,materialized,,sectioned,3,3,17,1,0.059,0.667,13,414,5,False
36067,nabatiehchannel,duplicate,36727,sectioned,3,3,17,0,,,15,424,5,False
36074,sameralhajali,duplicate,36067,sectioned,3,3,17,0,,,0,408,5,False
36101,hashemsayed,materialized,,sectioned,4,4,10,2,0.2,1.0,7,284,0,True
36102,mehwaralmokawma,duplicate,36101,sectioned,4,4,10,0,,,0,351,0,True
36121,almanarnews,duplicate,36101,sectioned,4,4,10,0,,,0,284,0,True
36205,nabatiehchannel,duplicate,35804,sectioned,4,4,17,0,,,0,611,5,False
36362,alichoeib1970,duplicate,36727,sectioned,5,5,28,0,,,9,541,0,True
36363,sameralhajali,materialized,,sectioned,5,5,28,8,0.286,1.0,21,509,0,True
36364,mehwaralmokawma,duplicate,36363,sectioned,5,5,28,0,,,0,530,0,True
36371,nabatiehchannel,duplicate,36363,sectioned,5,5,28,0,,,0,504,0,True
36376,Janoubana,duplicate,36363,sectioned,5,5,28,0,,,0,537,0,True
36455,nabatiehchannel,materialized,,sectioned,2,2,11,1,0.091,0.364,10,685,7,False
36727,alichoeib1970,materialized,,sectioned,4,4,23,11,0.478,0.667,15,495,6,False
36728,sameralhajali,materialized,,sectioned,4,4,23,1,0.043,0.905,20,463,6,False
36730,nabatiehchannel,duplicate,36728,sectioned,4,4,23,0,,,0,459,6,False
36743,Janoubana,duplicate,36728,sectioned,4,4,23,0,,,0,500,6,False
36943,hashemsayed,rejected,,no_sections,0,0,0,0,,,0,739,0,False
37314,alichoeib1970,duplicate,37336,sectioned,4,4,27,0,,,8,538,2,False
37336,mehwaralmokawma,materialized,,sectioned,4,4,27,1,0.037,0.368,9,570,2,False
37340,sameralhajali,materialized,,sectioned,4,4,27,1,0.037,0.389,7,457,1,False
37345,nabatiehchannel,duplicate,37340,sectioned,4,4,27,0,,,0,472,2,False
37368,Janoubana,duplicate,37340,sectioned,4,4,29,0,,,0,496,1,False
38081,alichoeib1970,materialized,,sectioned,4,4,24,2,0.083,0.526,11,465,1,False
38096,sameralhajali,materialized,,sectioned,4,4,24,18,0.75,1.0,21,433,1,False
38102,mehwaralmokawma,duplicate,38096,sectioned,4,4,24,0,,,21,433,1,False
38113,nabatiehchannel,duplicate,38096,sectioned,4,4,24,0,,,21,429,1,False
38286,Janoubana,materialized,,sectioned,2,2,10,4,0.4,0.889,9,316,1,False
38575,alichoeib1970,materialized,,sectioned,4,4,9,9,1.0,0.889,8,256,0,True
38576,mehwaralmokawma,duplicate,38575,sectioned,4,4,9,0,,,0,322,0,True
38599,alichoeib1970,duplicate,38286,sectioned,4,4,9,0,,,5,256,0,True
38600,mehwaralmokawma,duplicate,38599,sectioned,4,4,9,0,,,0,322,0,True
38853,alichoeib1970,materialized,,sectioned,3,3,21,14,0.667,0.882,15,446,1,False
38854,sameralhajali,materialized,,sectioned,3,3,21,2,0.095,0.765,15,414,1,False
38855,mehwaralmokawma,duplicate,38853,sectioned,3,3,21,0,,,0,512,1,False
38856,nabatiehchannel,duplicate,38854,sectioned,3,3,21,0,,,0,410,1,False
38859,Janoubana,duplicate,38854,sectioned,3,3,21,0,,,0,428,1,False
38917,hashemsayed,materialized,,sectioned,3,3,10,1,0.1,0.889,9,247,2,False
38920,Janoubana,duplicate,38917,sectioned,3,3,10,0,,,0,270,2,False
39078,alichoeib1970,duplicate,39079,sectioned,4,4,22,0,,,4,498,3,False
39079,sameralhajali,materialized,,sectioned,4,4,22,5,0.227,0.188,4,466,3,False
39080,nabatiehchannel,duplicate,39079,sectioned,4,4,22,0,,,0,462,3,False
39081,nabatiehchannel,duplicate,39079,sectioned,4,4,22,0,,,0,462,3,False
39082,Janoubana,materialized,,sectioned,4,4,22,15,0.682,1.0,17,476,2,False
39266,sameralhajali,materialized,,sectioned,3,3,19,5,0.263,0.857,14,404,0,True
39289,mehwaralmokawma,materialized,,sectioned,3,3,19,13,0.684,0.929,14,436,0,True
39316,Janoubana,materialized,,sectioned,3,3,19,1,0.053,0.143,2,413,0,True
39324,nabatiehchannel,duplicate,39316,sectioned,3,3,19,0,,,0,401,0,True
39329,alichoeib1970,error,,sectioned,3,3,19,0,,,0,436,0,True
40279,nabatiehchannel,materialized,,sectioned,4,5,20,8,0.4,0.5,9,459,0,True
40281,alichoeib1970,materialized,,sectioned,3,3,15,12,0.8,0.857,13,405,1,False
40282,sameralhajali,materialized,,sectioned,3,3,15,1,0.067,0.929,14,373,1,False
40285,Janoubana,materialized,,sectioned,3,3,15,13,0.867,0.929,14,364,1,False
40459,alichoeib1970,materialized,,sectioned,5,5,17,14,0.824,1.0,15,427,0,True
40463,nabatiehchannel,materialized,,sectioned,5,5,17,1,0.059,0.067,1,395,0,True
40467,mehwaralmokawma,duplicate,40459,sectioned,5,5,17,0,,,0,478,0,True
