rank,token,kind,count,example_message_id
1,مشاع المنصوري,segment,35,28385
2,عيتا الجبل,segment,33,2083
3,الطيبه,segment,21,29232
4,مزرعه بسطره,segment,18,1115
5,اعتداءات اخري,segment,17,28385
6,يحمر الشقيف,segment,16,34437
7,سدانه,segment,12,28385
8,تحركات واليات العدو,segment,11,29232
9,وادي السلوقي-القنطره,segment,11,36727
10,علمان الشومريه,segment,10,29232
11,وادي مظلم-بيت ليف,segment,9,27977
12,زوطر الشرقيه مدفعي فوسفوري,segment,9,36060
13,صريين,segment,8,28017
14,التحركات الاسرائيليه,segment,8,28385
15,بالتزامن مع اعمال جرف وهدم واحراق عدد من المنازل,segment,8,28385
16,تقدم معاد من بلده حداثا,segment,8,28385
17,محلقه معاديه القت قنابل صوتيه علي بلده المنصوري,segment,8,28385
18,قنبله صوتيه,segment,8,29070
19,دوحه كفرمان,segment,8,29232
20,حرش عيتا الجبل,segment,8,35070
21,توغل قوه معاديه الي الحي الغربي في بلده حلتا و عملو علي تفتيش المنازل و اخضع بعض المواطنين من نساء و رجال الي التحقيق,segment,7,27972
22,بالاضافه الي قيامه باعمال جرف في الاراضي,segment,7,27972
23,حداثا وحاريص,segment,7,38917
24,شقه سكنيه في النبطيه الفوقا,segment,6,29232
25,الحرش بين بيت ياحون وعيتا الجبل,segment,6,29232
26,محلقات,segment,6,29232
27,محلقه معاديه القت قنبله صوتيه علي حداثا,segment,6,29232
28,المنطقه بين الطيري وحداثا,segment,6,29232
29,تحرك اليات من الطيري,segment,6,29232
30,تحرك اليات داخل بلده حداثا,segment,6,29232
31,هدم منازل في المنصوري,segment,6,29232
32,الحي الرابع,segment,6,29232
33,نهر زوطر الشرقيه,segment,5,27977
34,كما اقدم العدو علي اعتقال شخصين من ابناء البلده,segment,5,27977
35,مجري نهر الخردله,segment,5,28017
36,طلوسه-وادي السلوقي,segment,5,29389
37,حي الدير-النبطيه الفوقا,segment,5,29389
38,حولا ووادي السلوقي,segment,5,29617
39,مرتفعات حلتا بقذيفتين,segment,5,29617
40,العريش بين حداثا وحاريص,segment,5,29617
41,حولا واطراف ميس الجبل,segment,5,29617
42,منطقه دوبيه,segment,5,29617
43,بسطره,segment,5,29617
44,تقدم قوه مؤلله وجرافات D9,segment,5,29617
45,مع اعمال تجريف طالت منزلا كان ماهولا سابقا,segment,5,29617
46,تجريف مجمع المدارس في ميس الجبل وتفخيخ منازل في دوبيه تمهيدا لنسفها,segment,5,29617
47,تحرك اليات اسفل موقع الرمثا,segment,5,29617
48,توغل دبابتين ميركافا واليتين مدولبتين من مركز السماقه,segment,5,29617
49,احراق منازل في بلده الخيام,segment,5,29617
50,قصف فوسفوري ودخاني مع تقدم للدبابات في المنصوري,segment,5,29617
1,وادي,word,56,27977
2,الجبل,word,50,2083
3,معاديه,word,43,27972
4,عيتا,word,41,2083
5,مشاع,word,39,28385
6,قنبله,word,29,28514
7,فوسفوري,word,27,28453
8,منازل,word,27,28514
9,محلقه,word,25,28385
10,تحرك,word,25,28514
11,بسطره,word,23,1115
12,تقدم,word,20,28385
13,المنازل,word,19,27972
14,اليات,word,19,27996
15,احراق,word,19,28453
16,اعتداءات,word,17,28385
17,اخري,word,17,28385
18,ميركافا,word,17,28514
19,الطيبه,word,16,29232
20,الشقيف,word,16,34437
21,قوه,word,15,27972
22,جرف,word,15,27972
23,القت,word,15,28385
24,استهدفت,word,15,28514
25,اطراف,word,15,29070
26,استهدف,word,15,30475
27,بالتزامن,word,14,28385
28,الحي,word,13,27972
29,سدانه,word,13,28385
30,اعمال,word,13,28385
31,توغل,word,12,27972
32,تحركات,word,12,27996
33,دبابه,word,12,28514
34,وحاريص,word,12,29617
35,واليات,word,11,29232
36,تجريف,word,11,29617
37,السلوقي-القنطره,word,11,36727
38,الغربي,word,10,27972
39,نهر,word,10,27977
40,عدد,word,10,28385
41,وحداثا,word,10,28514
42,علمان,word,10,29232
43,الشومريه,word,10,29232
44,دوبيه,word,10,29617
45,القتها,word,10,29617
46,تفجير,word,10,30475
47,باعمال,word,9,27972
48,مظلم-بيت,word,9,27977
49,ليف,word,9,27977
50,كفرمان,word,9,29232
