token,count,class,example_segment,message_id
بلده,64,descriptor/qualifier,توغل قوة معادية الى الحي الغربي في بلدة حلتا و عملو على تفتيش المنازل و أخضع بعض المواطنين من نساء و رجال الى التحقيق,27972
مشاع,42,descriptor/qualifier,- الساعة ١٠:٣٠ قصف مدفعي استهدف المنصوري -المشاع,28169
العدو,38,prose,🟠التفجيرات التي نفذها العدو في البلدات الجنوبية:,27977
صوتيه,38,alias candidate,قنابل صوتية:,1239
الجبل,37,alias candidate,عيتا الجبل,2083
عيتا,31,alias candidate,عيتا الجبل,2083
معاديه,31,alias candidate,التفجيرات المعادية:,1239
بين,30,descriptor/qualifier,صربين,1239
حلتا,29,alias candidate,توغل قوة معادية الى الحي الغربي في بلدة حلتا و عملو على تفتيش المنازل و أخضع بعض المواطنين من نساء و رجال الى التحقيق,27972
T.me/mehwaralmokawma,27,noise/signature,T.me/mehwaralmokawma,1115
قنبله,26,alias candidate,• قنبلة صوتية على جرافة في ياطر,28514
بسطره,23,alias candidate,• مزرعة بسطرة عند أطراف كفرشوبا,1115
وادي,22,descriptor/qualifier,• وادي السلوقي,1115
تقدم,22,prose,تقدم قوة إسرائيليّة معادية باتجاه أطراف بلدة ديرميماس حيث يقيم الجيش اللبناني نقطة مستحدثة,34608
معاد,22,alias candidate,القصف المدفعي المعادي :,1115
استهدفت,22,prose,• دبابة «ميركافا» استهدفت مدينة الخيام.,28385
محلقه,22,prose,• محلقة معادية ألقت قنابل صوتية على بلدة المنصوري.,28385
قنابل,21,header variant,القنابل المضيئة :,1115
منازل,21,prose,توغل قوة معادية الى الحي الغربي في بلدة حلتا و عملو على تفتيش المنازل و أخضع بعض المواطنين من نساء و رجال الى التحقيق,27972
دبابه,20,prose,• دبابة «ميركافا» استهدفت مدينة الخيام.,28385
مزرعه,19,descriptor/qualifier,• مزرعة بسطرة عند أطراف كفرشوبا,1115
منطقه,18,descriptor/qualifier,• تقدّم دبابتي «ميركافا» إلى منطقة مشاع المنصوري,28385
مدفعي+فوسفوري,18,header variant,علي الطاهر مدفعي+فوسفوري,28453
احراق,18,prose,🟠احراق المنازل:,28453
اعتداءات,17,prose,ملخص الاعتداءات الإسرائيلية من منتصف الليل حتى الساعة,1115
اخري,17,alias candidate,,
القت,17,prose,,
قصف,17,header variant,القصف المدفعي المعادي :,1115
«ميركافا»,16,alias candidate,• تقدّم دبابتي «ميركافا» إلى منطقة مشاع المنصوري,28385
الشقيف,16,alias candidate,• يحمر الشقيف,34437
اعتداءات اخري,17,prose,,
T.me/mehwaralmokawma,16,noise/signature,T.me/mehwaralmokawma,1115
عيتا الجبل,15,alias candidate,عيتا الجبل,2083
القصير,11,alias candidate,عدشيت القصير,27977
‏ «جھ,10,alias candidate,,
اد𓂆»,10,noise/signature,,
حلتا,10,alias candidate,توغل قوة معادية الى الحي الغربي في بلدة حلتا و عملو على تفتيش المنازل و أخضع بعض المواطنين من نساء و رجال الى التحقيق,27972
الطيبه,10,alias candidate,• الطيبة,29232
مزرعه بسطره عند اطراف كفرشوبا,9,descriptor/qualifier,,
قنابل «لانشر»,9,header variant,قنابل «لانشر» :,1115
وادي مظلم-بيت ليف,9,descriptor/qualifier,وادي مظلم-بيت ليف,27977
علمان الشومريه,9,alias candidate,• علمان الشومرية,29232
صريين,8,alias candidate,صريين,28017
سدانه عند اطراف الهباريه,8,alias candidate,,
اطراف عيتا الجبل,8,alias candidate,,
التحركات الاسرائيليه,8,prose,,
مرتفعات حلتا,8,descriptor/qualifier,• مرتفعات حلتا بقذيفتين,29617
حرش عيتا الجبل,8,descriptor/qualifier,- قصف مدفعي معادٍ استهدف حرش عيتا الجبل,35042
دوحه كفرمان,6,alias candidate,• دوحة كفرمان,29232
محلقات,6,alias candidate,الاعتداءات بالمحلقات,28514
«ميثم𓂆»,5,noise/signature,,
مجري نهر الخردله,5,descriptor/qualifier,,
T.me/mehwaralmokawma «كرار»,5,noise/signature,,
حي الدير-النبطيه الفوقا,5,descriptor/qualifier,حي الدير-النبطية الفوقا,29389
مرتفعات حلتا بقذيفتين,5,descriptor/qualifier,• مرتفعات حلتا بقذيفتين,29617
الطيبه لجهه دير سريان,5,alias candidate,,
بسطره,5,alias candidate,• مزرعة بسطرة عند أطراف كفرشوبا,1115
تحركات واليات العدو,5,prose,,
من دون وقوع اصابات,5,prose,,
حانين,5,alias candidate,حانين,32249
