message_id,source,created_at,text_length,incidents_created,section_headers,needs_verification
1115,CNRS Webhook,2026-09-22 04:49:27+00:00,382,3,5,0
1116,CNRS Webhook,2026-09-22 05:28:08+00:00,337,0,6,0
1121,CNRS Webhook,2026-09-22 06:26:56+00:00,321,0,5,0
1239,CNRS Webhook,2026-09-18 05:07:32+00:00,258,0,5,0
1240,CNRS Webhook,2026-09-18 05:07:03+00:00,190,5,5,0
1276,CNRS Webhook (backfill),2026-09-22 04:49:27+00:00,382,2,5,0
1277,CNRS Webhook (backfill),2026-09-22 05:28:08+00:00,337,0,6,0
1278,CNRS Webhook (backfill),2026-09-22 06:26:56+00:00,321,0,5,0
2083,CNRS Webhook (backfill),2026-09-08 05:06:08+00:00,199,0,4,0
2187,CNRS Webhook (backfill),2026-09-18 05:07:32+00:00,258,0,5,0
2188,CNRS Webhook (backfill),2026-09-18 05:07:03+00:00,190,0,5,0
27972,CNRS Webhook,2026-09-16 05:09:09+00:00,345,0,4,0
27977,CNRS Webhook,2026-09-16 20:57:24+00:00,733,1,4,0
27993,CNRS Webhook,2026-09-09 20:59:33+00:00,653,0,7,0
27996,CNRS Webhook,2026-09-13 08:31:37+00:00,397,1,5,0
28010,CNRS Webhook,2026-09-09 20:59:44+00:00,653,0,7,0
28017,CNRS Webhook,2026-09-15 21:02:54+00:00,485,0,0,0
28022,CNRS Webhook,2026-09-09 21:02:53+00:00,722,8,7,0
28038,CNRS Webhook,2026-09-09 20:58:15+00:00,685,9,8,0
28044,CNRS Webhook,2026-09-15 21:02:03+00:00,503,14,5,0
28045,CNRS Webhook,2026-09-15 21:02:43+00:00,527,0,5,0
28089,CNRS Webhook,2026-09-15 21:08:03+00:00,557,0,5,0
28092,CNRS Webhook,2026-09-16 20:57:03+00:00,765,0,5,0
28169,CNRS Webhook,2026-09-13 07:46:15+00:00,530,0,0,0
28316,CNRS Webhook,2026-09-16 20:58:12+00:00,729,0,4,0
28327,CNRS Webhook,2026-09-16 21:00:51+00:00,797,0,4,0
28370,CNRS Webhook,2026-09-16 20:58:24+00:00,801,0,4,0
28385,CNRS Webhook,2026-08-19 21:18:08+00:00,872,0,7,0
28444,CNRS Webhook,2026-08-19 21:09:54+00:00,863,17,8,0
28453,CNRS Webhook,2026-09-02 21:00:37+00:00,716,24,7,0
28475,CNRS Webhook,2026-08-19 21:10:43+00:00,824,0,7,0
28514,CNRS Webhook,2026-08-23 21:01:26+00:00,746,2,5,0
28539,CNRS Webhook,2026-08-25 06:24:35+00:00,184,6,3,0
28588,CNRS Webhook,2026-09-09 13:56:27+00:00,505,9,5,0
28592,CNRS Webhook,2026-09-07 20:59:08+00:00,505,0,6,0
28640,CNRS Webhook,2026-09-02 21:02:01+00:00,715,0,7,0
28746,CNRS Webhook,2026-08-23 21:00:41+00:00,698,0,5,0
28776,CNRS Webhook,2026-08-24 06:43:17+00:00,490,3,5,0
29051,CNRS Webhook,2026-08-21 05:18:42+00:00,239,0,2,0
29070,CNRS Webhook,2026-08-21 21:04:07+00:00,758,0,6,0
29072,CNRS Webhook,2026-08-21 21:05:09+00:00,759,0,6,0
29090,CNRS Webhook,2026-09-06 04:44:29+00:00,408,0,3,0
29118,CNRS Webhook,2026-09-06 09:02:12+00:00,1023,6,1,0
29153,CNRS Webhook,2026-09-13 08:29:31+00:00,643,0,1,0
29223,CNRS Webhook,2026-09-08 21:12:46+00:00,404,0,4,0
29228,CNRS Webhook,2026-09-04 21:03:20+00:00,597,0,6,0
29232,CNRS Webhook,2026-09-01 21:20:02+00:00,689,0,7,0
29239,CNRS Webhook,2026-09-01 21:02:07+00:00,685,0,7,0
29258,CNRS Webhook,2026-09-13 08:28:15+00:00,529,0,1,0
29282,CNRS Webhook,2026-09-02 21:01:13+00:00,709,0,7,0
29389,CNRS Webhook,2026-09-05 20:58:26+00:00,676,0,7,0
29390,CNRS Webhook,2026-09-05 20:58:52+00:00,603,2,0,0
29397,CNRS Webhook,2026-09-05 21:03:34+00:00,578,0,6,0
29408,CNRS Webhook,2026-08-27 12:24:10+00:00,171,0,1,0
29456,CNRS Webhook,2026-08-20 05:18:29+00:00,310,0,6,0
29482,CNRS Webhook,2026-09-06 04:36:14+00:00,507,0,4,0
29617,CNRS Webhook,2026-08-24 21:29:07+00:00,1168,0,6,0
29730,CNRS Webhook,2026-08-24 21:00:12+00:00,1167,3,6,0
29733,CNRS Webhook,2026-08-24 20:59:48+00:00,1201,2,7,0
29812,CNRS Webhook,2026-08-19 21:29:06+00:00,819,0,7,0
30312,CNRS Webhook,2026-09-06 20:57:25+00:00,681,9,7,0
30338,CNRS Webhook,2026-09-08 20:56:49+00:00,436,0,5,0
30354,CNRS Webhook,2026-09-06 20:57:10+00:00,615,1,7,0
30362,CNRS Webhook,2026-09-06 21:03:05+00:00,583,1,6,0
30365,CNRS Webhook,2026-09-06 21:13:31+00:00,589,3,6,0
30403,CNRS Webhook,2026-08-21 05:18:03+00:00,207,0,1,0
30475,CNRS Webhook,2026-09-16 09:53:27+00:00,786,0,3,0
30628,CNRS Webhook,2026-08-24 21:02:48+00:00,1215,0,6,0
30629,CNRS Webhook,2026-08-24 21:32:51+00:00,1170,4,6,0
30805,CNRS Webhook,2026-09-01 21:02:01+00:00,685,0,7,0
30812,CNRS Webhook,2026-09-01 20:58:39+00:00,717,0,7,0
30813,CNRS Webhook,2026-09-01 20:58:12+00:00,760,0,7,0
30814,CNRS Webhook,2026-09-01 20:59:08+00:00,768,0,7,0
31010,CNRS Webhook,2026-08-23 05:26:26+00:00,334,0,1,0
31021,CNRS Webhook,2026-08-23 05:28:06+00:00,294,3,1,0
31155,CNRS Webhook,2026-08-21 21:12:30+00:00,806,2,6,0
31204,CNRS Webhook,2026-09-07 00:31:46+00:00,551,2,0,0
31257,CNRS Webhook,2026-08-21 05:24:28+00:00,306,1,2,0
31293,CNRS Webhook,2026-09-04 21:04:14+00:00,601,0,6,0
31394,CNRS Webhook,2026-09-06 04:35:27+00:00,438,2,4,0
31404,CNRS Webhook,2026-08-19 21:18:08+00:00,872,0,7,0
31412,CNRS Webhook,2026-08-19 21:10:43+00:00,824,0,7,0
31414,CNRS Webhook,2026-08-19 21:09:54+00:00,863,0,8,0
31482,CNRS Webhook,2026-08-20 05:17:23+00:00,244,0,6,0
31594,CNRS Webhook,2026-08-21 21:03:43+00:00,793,0,7,0
31605,CNRS Webhook,2026-09-05 20:57:43+00:00,611,13,7,0
31628,CNRS Webhook,2026-09-15 21:04:59+00:00,472,0,5,0
31710,CNRS Webhook,2026-08-20 05:19:03+00:00,228,0,5,0
31714,CNRS Webhook,2026-08-19 21:29:06+00:00,819,0,7,0
31715,CNRS Webhook,2026-09-05 21:02:58+00:00,574,0,6,0
31738,CNRS Webhook,2026-08-21 05:17:01+00:00,239,2,2,0
31778,CNRS Webhook,2026-08-23 20:59:14+00:00,733,2,6,0
31783,CNRS Webhook,2026-08-23 21:02:01+00:00,700,0,5,0
32016,CNRS Webhook,2026-09-04 21:01:28+00:00,602,13,6,0
32249,CNRS Webhook,2026-09-14 21:16:22+00:00,664,16,5,0
32271,CNRS Webhook,2026-09-08 20:58:23+00:00,404,5,4,0
32355,CNRS Webhook,2026-09-04 09:50:18+00:00,546,3,3,0
32358,CNRS Webhook,2026-09-08 21:04:29+00:00,470,0,4,0
32375,CNRS Webhook,2026-09-15 09:14:01+00:00,369,6,3,0
32386,CNRS Webhook,2026-09-14 21:23:13+00:00,640,0,0,0
32469,CNRS Webhook,2026-09-07 21:11:29+00:00,560,0,6,0
32489,CNRS Webhook,2026-09-07 20:58:12+00:00,537,2,7,0
32495,CNRS Webhook,2026-09-09 07:56:45+00:00,776,5,4,0
32548,CNRS Webhook,2026-09-09 05:48:51+00:00,313,0,3,0
32645,CNRS Webhook,2026-09-08 05:06:08+00:00,199,4,4,0
32708,CNRS Webhook,2026-09-07 21:50:56+00:00,697,6,5,0
32877,CNRS Webhook,2026-09-14 21:01:05+00:00,673,0,5,0
32885,CNRS Webhook,2026-09-14 20:56:55+00:00,651,0,6,0
32888,CNRS Webhook,2026-09-14 20:57:49+00:00,619,0,5,0
32966,CNRS Webhook,2026-09-13 08:27:27+00:00,528,0,1,0
33092,CNRS Webhook,2026-09-13 21:07:45+00:00,512,0,6,0
33105,CNRS Webhook,2026-09-13 21:00:53+00:00,570,0,6,0
33149,CNRS Webhook,2026-09-13 20:57:02+00:00,549,0,7,0
33170,CNRS Webhook,2026-09-14 09:19:46+00:00,482,15,3,0
33187,CNRS Webhook,2026-09-13 20:57:21+00:00,517,7,6,0
33192,CNRS Webhook,2026-09-14 06:13:21+00:00,187,3,4,0
34437,CNRS Webhook,2026-09-17 16:04:52+00:00,413,5,4,2
34440,CNRS Webhook,2026-09-17 16:05:39+00:00,413,0,4,0
34548,CNRS Webhook,2026-09-17 20:58:08+00:00,534,0,7,0
34550,CNRS Webhook,2026-09-17 20:59:27+00:00,502,0,6,0
34551,CNRS Webhook,2026-09-17 21:04:34+00:00,497,3,6,0
34597,CNRS Webhook,2026-09-18 05:07:32+00:00,258,0,5,0
34598,CNRS Webhook,2026-09-18 05:07:03+00:00,190,0,5,0
34601,CNRS Webhook,2026-09-18 05:58:48+00:00,291,5,1,1
34602,CNRS Webhook,2026-09-18 05:58:57+00:00,357,0,1,0
34604,CNRS Webhook,2026-09-18 06:14:57+00:00,262,0,1,0
34606,CNRS Webhook,2026-09-18 06:20:17+00:00,764,0,2,0
34608,CNRS Webhook,2026-09-18 06:59:21+00:00,348,0,4,0
34648,CNRS Webhook,2026-09-18 12:55:28+00:00,375,0,0,0
34649,CNRS Webhook,2026-09-18 12:55:09+00:00,327,0,0,0
34650,CNRS Webhook,2026-09-18 12:56:03+00:00,335,0,0,0
34697,CNRS Webhook,2026-09-18 20:58:43+00:00,450,0,5,0
34698,CNRS Webhook,2026-09-18 21:01:51+00:00,516,0,5,0
34700,CNRS Webhook,2026-09-18 21:21:24+00:00,523,4,5,1
34701,CNRS Webhook,2026-09-18 21:21:42+00:00,523,0,5,0
34811,CNRS Webhook,2026-09-19 10:52:44+00:00,513,1,4,1
34989,CNRS Webhook,2026-09-19 20:58:34+00:00,450,0,4,0
34990,CNRS Webhook,2026-09-19 20:58:54+00:00,447,0,4,0
34991,CNRS Webhook,2026-09-19 20:58:02+00:00,482,0,5,0
34993,CNRS Webhook,2026-09-19 21:07:16+00:00,495,0,4,0
34995,CNRS Webhook,2026-09-19 21:11:04+00:00,394,0,5,0
35042,CNRS Webhook,2026-09-20 07:40:20+00:00,879,0,1,0
35070,CNRS Webhook,2026-09-20 10:22:01+00:00,1075,8,3,1
35282,CNRS Webhook,2026-09-20 20:58:05+00:00,567,0,4,0
35283,CNRS Webhook,2026-09-20 21:06:56+00:00,535,0,4,0
35286,CNRS Webhook,2026-09-20 21:12:22+00:00,783,0,5,0
35315,CNRS Webhook,2026-09-21 02:34:41+00:00,394,1,1,0
35316,CNRS Webhook,2026-09-21 02:35:01+00:00,394,0,1,0
35318,CNRS Webhook,2026-09-21 02:44:03+00:00,459,0,1,0
35638,CNRS Webhook,2026-09-21 20:56:46+00:00,590,0,6,0
35640,CNRS Webhook,2026-09-21 20:59:53+00:00,633,0,6,0
35641,CNRS Webhook,2026-09-21 21:00:50+00:00,555,0,5,0
35645,CNRS Webhook,2026-09-21 21:11:35+00:00,515,0,1,0
35659,CNRS Webhook,2026-09-22 04:49:27+00:00,382,2,5,1
35660,CNRS Webhook,2026-09-22 05:28:08+00:00,337,0,6,0
35665,CNRS Webhook,2026-09-22 06:26:56+00:00,321,0,5,0
35753,CNRS Webhook,2026-09-22 17:25:25+00:00,577,0,1,0
35754,CNRS Webhook,2026-09-22 17:26:06+00:00,646,0,1,0
35755,CNRS Webhook,2026-09-22 17:26:10+00:00,577,0,1,0
35756,CNRS Webhook,2026-09-22 17:27:02+00:00,578,0,1,0
35837,CNRS Webhook,2026-09-22 20:58:03+00:00,476,8,5,1
35838,CNRS Webhook,2026-09-22 20:57:24+00:00,512,0,6,0
35839,CNRS Webhook,2026-09-22 20:58:52+00:00,534,0,5,0
36060,CNRS Webhook,2026-09-23 20:58:24+00:00,440,0,5,0
36061,CNRS Webhook,2026-09-23 21:00:44+00:00,506,0,5,0
36062,CNRS Webhook,2026-09-23 21:17:38+00:00,414,1,4,0
36067,CNRS Webhook,2026-09-23 21:34:28+00:00,424,0,0,0
36074,CNRS Webhook,2026-09-24 01:06:24+00:00,408,0,4,0
36101,CNRS Webhook,2026-09-24 06:26:42+00:00,284,2,2,1
36102,CNRS Webhook,2026-09-24 06:28:11+00:00,351,0,2,0
36121,CNRS Webhook,2026-09-24 07:02:22+00:00,284,0,2,0
36205,CNRS Webhook,2026-09-24 10:23:45+00:00,611,0,1,0
36362,CNRS Webhook,2026-09-24 20:57:05+00:00,541,0,7,0
36363,CNRS Webhook,2026-09-24 20:57:26+00:00,509,8,6,3
36364,CNRS Webhook,2026-09-24 21:00:04+00:00,530,0,6,0
36371,CNRS Webhook,2026-09-24 21:04:04+00:00,504,0,6,0
36376,CNRS Webhook,2026-09-24 21:12:14+00:00,537,0,6,0
36455,CNRS Webhook,2026-09-25 08:54:12+00:00,685,1,0,0
36727,CNRS Webhook,2026-09-25 20:56:28+00:00,495,11,6,0
36728,CNRS Webhook,2026-09-25 20:57:21+00:00,463,1,5,0
36730,CNRS Webhook,2026-09-25 20:58:03+00:00,459,0,5,0
36743,CNRS Webhook,2026-09-25 21:00:19+00:00,500,0,5,0
36943,CNRS Webhook,2026-09-26 10:51:22+00:00,739,0,1,0
37314,CNRS Webhook,2026-09-26 20:59:03+00:00,538,0,5,0
37336,CNRS Webhook,2026-09-26 20:59:54+00:00,570,1,6,0
37340,CNRS Webhook,2026-09-26 21:01:05+00:00,457,1,5,0
37345,CNRS Webhook,2026-09-26 21:08:41+00:00,472,0,5,0
37368,CNRS Webhook,2026-09-26 22:29:51+00:00,496,0,5,0
38081,CNRS Webhook,2026-09-27 20:59:13+00:00,465,2,6,0
38096,CNRS Webhook,2026-09-27 21:07:39+00:00,433,18,5,0
38102,CNRS Webhook,2026-09-27 21:10:32+00:00,433,0,5,0
38113,CNRS Webhook,2026-09-27 21:35:58+00:00,429,0,5,0
38286,CNRS Webhook,2026-09-28 06:08:41+00:00,316,4,3,0
38575,CNRS Webhook,2026-10-01 04:49:18+00:00,256,9,1,0
38576,CNRS Webhook,2026-10-01 04:50:13+00:00,322,0,1,0
38599,CNRS Webhook,2026-10-01 04:49:18+00:00,256,0,1,0
38600,CNRS Webhook,2026-10-01 04:50:13+00:00,322,0,1,0
38853,CNRS Webhook,2026-10-02 20:57:21+00:00,446,14,5,0
38854,CNRS Webhook,2026-10-02 20:57:57+00:00,414,2,4,0
38855,CNRS Webhook,2026-10-02 20:58:15+00:00,512,0,5,0
38856,CNRS Webhook,2026-10-02 20:58:10+00:00,410,0,4,0
38859,CNRS Webhook,2026-10-02 21:02:55+00:00,428,0,4,0
38917,CNRS Webhook,2026-10-03 07:10:00+00:00,247,1,4,0
38920,CNRS Webhook,2026-10-03 07:49:14+00:00,270,0,4,0
39078,CNRS Webhook,2026-10-03 20:57:12+00:00,498,0,6,0
39079,CNRS Webhook,2026-10-03 20:57:31+00:00,466,5,5,0
39080,CNRS Webhook,2026-10-03 20:58:31+00:00,462,0,5,0
39081,CNRS Webhook,2026-10-03 20:58:32+00:00,462,0,5,0
39082,CNRS Webhook,2026-10-03 21:04:55+00:00,476,15,5,0
39266,CNRS Webhook,2026-10-04 20:59:48+00:00,404,5,4,0
39289,CNRS Webhook,2026-10-04 20:57:28+00:00,436,13,5,0
39316,CNRS Webhook,2026-10-04 22:07:17+00:00,413,1,4,0
39324,CNRS Webhook,2026-10-04 21:24:55+00:00,401,0,4,0
39329,CNRS Webhook,2026-10-04 20:57:21+00:00,436,0,5,0
40279,CNRS Webhook,2026-10-05 20:36:41+00:00,459,8,5,8
40281,CNRS Webhook,2026-10-05 20:57:35+00:00,405,12,5,0
40282,CNRS Webhook,2026-10-05 20:58:21+00:00,373,1,4,0
40285,CNRS Webhook,2026-10-05 22:01:53+00:00,364,13,4,0
40459,CNRS Webhook,2026-10-06 21:03:19+00:00,427,14,6,0
40463,CNRS Webhook,2026-10-06 21:06:41+00:00,395,1,6,0
40467,CNRS Webhook,2026-10-06 21:19:54+00:00,478,0,6,0
