message_id,channel,posted_at,late_incidents
1115,mehwaralmokawma,2026-09-22 07:49:27+03:00,10
1116,hashemsayed,2026-09-22 08:28:08+03:00,10
1121,Janoubana,2026-09-22 09:26:56+03:00,10
1239,mehwaralmokawma,2026-09-18 08:07:32+03:00,11
1240,alichoeib1970,2026-09-18 08:07:03+03:00,11
1276,mehwaralmokawma,2026-09-22 07:49:27+03:00,10
1277,hashemsayed,2026-09-22 08:28:08+03:00,10
1278,Janoubana,2026-09-22 09:26:56+03:00,10
2083,alichoeib1970,2026-09-08 08:06:08+03:00,0
2187,mehwaralmokawma,2026-09-18 08:07:32+03:00,11
2188,alichoeib1970,2026-09-18 08:07:03+03:00,11
27972,alichoeib1970,2026-09-16 08:09:09+03:00,10
27977,sameralhajali,2026-09-16 23:57:24+03:00,8
27993,nabatiehchannel,2026-09-09 23:59:33+03:00,39
27996,hashemsayed,2026-09-13 11:31:37+03:00,27
28010,sameralhajali,2026-09-09 23:59:44+03:00,39
28017,sameralhajali,2026-09-16 00:02:54+03:00,16
28022,Janoubana,2026-09-10 00:02:53+03:00,14
28038,alichoeib1970,2026-09-09 23:58:15+03:00,39
28044,alichoeib1970,2026-09-16 00:02:03+03:00,16
28045,mehwaralmokawma,2026-09-16 00:02:43+03:00,16
28089,Janoubana,2026-09-16 00:08:03+03:00,17
28092,alichoeib1970,2026-09-16 23:57:03+03:00,8
28169,sameralhajali,2026-09-13 10:46:15+03:00,0
28316,nabatiehchannel,2026-09-16 23:58:12+03:00,8
28327,Janoubana,2026-09-17 00:00:51+03:00,6
28370,mehwaralmokawma,2026-09-16 23:58:24+03:00,8
28385,mehwaralmokawma,2026-08-20 00:18:08+03:00,35
28444,alichoeib1970,2026-08-20 00:09:54+03:00,35
28453,alichoeib1970,2026-09-03 00:00:37+03:00,31
28475,sameralhajali,2026-08-20 00:10:43+03:00,35
28514,mehwaralmokawma,2026-08-24 00:01:26+03:00,12
28539,nabatiehchannel,2026-08-25 09:24:35+03:00,14
28588,Janoubana,2026-09-09 16:56:27+03:00,25
28592,sameralhajali,2026-09-07 23:59:08+03:00,3
28640,nabatiehchannel,2026-09-03 00:02:01+03:00,31
28746,sameralhajali,2026-08-24 00:00:41+03:00,12
28776,Janoubana,2026-08-24 09:43:17+03:00,10
29051,mehwaralmokawma,2026-08-21 08:18:42+03:00,0
29070,sameralhajali,2026-08-22 00:04:07+03:00,11
29072,nabatiehchannel,2026-08-22 00:05:09+03:00,11
29090,Janoubana,2026-09-06 07:44:29+03:00,73
29118,nabatiehchannel,2026-09-06 12:02:12+03:00,0
29153,mehwaralmokawma,2026-09-13 11:29:31+03:00,0
29223,nabatiehchannel,2026-09-09 00:12:46+03:00,23
29228,nabatiehchannel,2026-09-05 00:03:20+03:00,71
29232,nabatiehchannel,2026-09-02 00:20:02+03:00,51
29239,Janoubana,2026-09-02 00:02:07+03:00,51
29258,nabatiehchannel,2026-09-13 11:28:15+03:00,0
29282,sameralhajali,2026-09-03 00:01:13+03:00,31
29389,mehwaralmokawma,2026-09-05 23:58:26+03:00,87
29390,sameralhajali,2026-09-05 23:58:52+03:00,87
29397,Janoubana,2026-09-06 00:03:34+03:00,85
29408,nabatiehchannel,2026-08-27 15:24:10+03:00,0
29456,mehwaralmokawma,2026-08-20 08:18:29+03:00,19
29482,mehwaralmokawma,2026-09-06 07:36:14+03:00,73
29617,nabatiehchannel,2026-08-25 00:29:07+03:00,24
29730,sameralhajali,2026-08-25 00:00:12+03:00,24
29733,alichoeib1970,2026-08-24 23:59:48+03:00,22
29812,nabatiehchannel,2026-08-20 00:29:06+03:00,35
30312,mehwaralmokawma,2026-09-06 23:57:25+03:00,106
30338,alichoeib1970,2026-09-08 23:56:49+03:00,13
30354,alichoeib1970,2026-09-06 23:57:10+03:00,106
30362,nabatiehchannel,2026-09-07 00:03:05+03:00,59
30365,Janoubana,2026-09-07 00:13:31+03:00,60
30403,Janoubana,2026-08-21 08:18:03+03:00,0
30475,nabatiehchannel,2026-09-16 12:53:27+03:00,5
30628,mehwaralmokawma,2026-08-25 00:02:48+03:00,24
30629,Janoubana,2026-08-25 00:32:51+03:00,24
30805,nabatiehchannel,2026-09-02 00:02:01+03:00,51
30812,sameralhajali,2026-09-01 23:58:39+03:00,40
30813,alichoeib1970,2026-09-01 23:58:12+03:00,40
30814,mehwaralmokawma,2026-09-01 23:59:08+03:00,40
31010,hashemsayed,2026-08-23 08:26:26+03:00,7
31021,sameralhajali,2026-08-23 08:28:06+03:00,7
31155,mehwaralmokawma,2026-08-22 00:12:30+03:00,11
31204,mehwaralmokawma,2026-09-07 03:31:46+03:00,0
31257,mehwaralmokawma,2026-08-21 08:24:28+03:00,0
31293,sameralhajali,2026-09-05 00:04:14+03:00,71
31394,alichoeib1970,2026-09-06 07:35:27+03:00,73
31404,mehwaralmokawma,2026-08-20 00:18:08+03:00,35
31412,sameralhajali,2026-08-20 00:10:43+03:00,35
31414,alichoeib1970,2026-08-20 00:09:54+03:00,35
31482,alichoeib1970,2026-08-20 08:17:23+03:00,19
31594,alichoeib1970,2026-08-22 00:03:43+03:00,11
31605,alichoeib1970,2026-09-05 23:57:43+03:00,87
31628,nabatiehchannel,2026-09-16 00:04:59+03:00,16
31710,Janoubana,2026-08-20 08:19:03+03:00,19
31714,nabatiehchannel,2026-08-20 00:29:06+03:00,35
31715,nabatiehchannel,2026-09-06 00:02:58+03:00,85
31738,alichoeib1970,2026-08-21 08:17:01+03:00,0
31778,alichoeib1970,2026-08-23 23:59:14+03:00,21
31783,nabatiehchannel,2026-08-24 00:02:01+03:00,12
32016,alichoeib1970,2026-09-05 00:01:28+03:00,71
32249,mehwaralmokawma,2026-09-15 00:16:22+03:00,29
32271,sameralhajali,2026-09-08 23:58:23+03:00,13
32355,nabatiehchannel,2026-09-04 12:50:18+03:00,23
32358,mehwaralmokawma,2026-09-09 00:04:29+03:00,23
32375,nabatiehchannel,2026-09-15 12:14:01+03:00,7
32386,nabatiehchannel,2026-09-15 00:23:13+03:00,29
32469,mehwaralmokawma,2026-09-08 00:11:29+03:00,4
32489,alichoeib1970,2026-09-07 23:58:12+03:00,3
32495,nabatiehchannel,2026-09-09 10:56:45+03:00,5
32548,Janoubana,2026-09-09 08:48:51+03:00,6
32645,alichoeib1970,2026-09-08 08:06:08+03:00,0
32708,Janoubana,2026-09-08 00:50:56+03:00,7
32877,Janoubana,2026-09-15 00:01:05+03:00,29
32885,alichoeib1970,2026-09-14 23:56:55+03:00,18
32888,sameralhajali,2026-09-14 23:57:49+03:00,18
32966,hashemsayed,2026-09-13 11:27:27+03:00,0
33092,nabatiehchannel,2026-09-14 00:07:45+03:00,18
33105,Janoubana,2026-09-14 00:00:53+03:00,18
33149,alichoeib1970,2026-09-13 23:57:02+03:00,113
33170,nabatiehchannel,2026-09-14 12:19:46+03:00,1
33187,sameralhajali,2026-09-13 23:57:21+03:00,113
33192,hashemsayed,2026-09-14 09:13:21+03:00,4
34437,Janoubana,2026-09-17 19:04:52+03:00,6
34440,nabatiehchannel,2026-09-17 19:05:39+03:00,6
34548,alichoeib1970,2026-09-17 23:58:08+03:00,13
34550,sameralhajali,2026-09-17 23:59:27+03:00,13
34551,nabatiehchannel,2026-09-18 00:04:34+03:00,11
34597,mehwaralmokawma,2026-09-18 08:07:32+03:00,11
34598,alichoeib1970,2026-09-18 08:07:03+03:00,11
34601,sameralhajali,2026-09-18 08:58:48+03:00,0
34602,mehwaralmokawma,2026-09-18 08:58:57+03:00,0
34604,Janoubana,2026-09-18 09:14:57+03:00,0
34606,bintjbeilnews,2026-09-18 09:20:17+03:00,0
34608,nabatiehchannel,2026-09-18 09:59:21+03:00,11
34648,mehwaralmokawma,2026-09-18 15:55:28+03:00,0
34649,nabatiehchannel,2026-09-18 15:55:09+03:00,0
34650,Janoubana,2026-09-18 15:56:03+03:00,0
34697,alichoeib1970,2026-09-18 23:58:43+03:00,15
34698,mehwaralmokawma,2026-09-19 00:01:51+03:00,17
34700,Janoubana,2026-09-19 00:21:24+03:00,12
34701,nabatiehchannel,2026-09-19 00:21:42+03:00,12
34811,nabatiehchannel,2026-09-19 13:52:44+03:00,4
34989,sameralhajali,2026-09-19 23:58:34+03:00,14
34990,nabatiehchannel,2026-09-19 23:58:54+03:00,14
34991,alichoeib1970,2026-09-19 23:58:02+03:00,14
34993,Janoubana,2026-09-20 00:07:16+03:00,11
34995,mehwaralmokawma,2026-09-20 00:11:04+03:00,14
35042,hashemsayed,2026-09-20 10:40:20+03:00,0
35070,nabatiehchannel,2026-09-20 13:22:01+03:00,9
35282,alichoeib1970,2026-09-20 23:58:05+03:00,21
35283,nabatiehchannel,2026-09-21 00:06:56+03:00,7
35286,Janoubana,2026-09-21 00:12:22+03:00,9
35315,sameralhajali,2026-09-21 05:34:41+03:00,0
35316,Janoubana,2026-09-21 05:35:01+03:00,0
35318,mehwaralmokawma,2026-09-21 05:44:03+03:00,0
35638,alichoeib1970,2026-09-21 23:56:46+03:00,10
35640,mehwaralmokawma,2026-09-21 23:59:53+03:00,10
35641,nabatiehchannel,2026-09-22 00:00:50+03:00,12
35645,Janoubana,2026-09-22 00:11:35+03:00,12
35659,mehwaralmokawma,2026-09-22 07:49:27+03:00,10
35660,hashemsayed,2026-09-22 08:28:08+03:00,10
35665,Janoubana,2026-09-22 09:26:56+03:00,10
35753,sameralhajali,2026-09-22 20:25:25+03:00,0
35754,mehwaralmokawma,2026-09-22 20:26:06+03:00,0
35755,Janoubana,2026-09-22 20:26:10+03:00,0
35756,nabatiehchannel,2026-09-22 20:27:02+03:00,0
35837,nabatiehchannel,2026-09-22 23:58:03+03:00,17
35838,alichoeib1970,2026-09-22 23:57:24+03:00,17
35839,mehwaralmokawma,2026-09-22 23:58:52+03:00,17
36060,alichoeib1970,2026-09-23 23:58:24+03:00,7
36061,mehwaralmokawma,2026-09-24 00:00:44+03:00,19
36062,Janoubana,2026-09-24 00:17:38+03:00,19
36067,nabatiehchannel,2026-09-24 00:34:28+03:00,19
36074,sameralhajali,2026-09-24 04:06:24+03:00,19
36101,hashemsayed,2026-09-24 09:26:42+03:00,14
36102,mehwaralmokawma,2026-09-24 09:28:11+03:00,14
36121,almanarnews,2026-09-24 10:02:22+03:00,14
36205,nabatiehchannel,2026-09-24 13:23:45+03:00,15
36362,alichoeib1970,2026-09-24 23:57:05+03:00,30
36363,sameralhajali,2026-09-24 23:57:26+03:00,30
36364,mehwaralmokawma,2026-09-25 00:00:04+03:00,22
36371,nabatiehchannel,2026-09-25 00:04:04+03:00,22
36376,Janoubana,2026-09-25 00:12:14+03:00,22
36455,nabatiehchannel,2026-09-25 11:54:12+03:00,7
36727,alichoeib1970,2026-09-25 23:56:28+03:00,23
36728,sameralhajali,2026-09-25 23:57:21+03:00,23
36730,nabatiehchannel,2026-09-25 23:58:03+03:00,23
36743,Janoubana,2026-09-26 00:00:19+03:00,12
36943,hashemsayed,2026-09-26 13:51:22+03:00,0
37314,alichoeib1970,2026-09-26 23:59:03+03:00,14
37336,mehwaralmokawma,2026-09-26 23:59:54+03:00,14
37340,sameralhajali,2026-09-27 00:01:05+03:00,19
37345,nabatiehchannel,2026-09-27 00:08:41+03:00,19
37368,Janoubana,2026-09-27 01:29:51+03:00,19
38081,alichoeib1970,2026-09-27 23:59:13+03:00,24
38096,sameralhajali,2026-09-28 00:07:39+03:00,37
38102,mehwaralmokawma,2026-09-28 00:10:32+03:00,37
38113,nabatiehchannel,2026-09-28 00:35:58+03:00,37
38286,Janoubana,2026-09-28 09:08:41+03:00,17
38575,alichoeib1970,2026-10-01 07:49:18+03:00,9
38576,mehwaralmokawma,2026-10-01 07:50:13+03:00,9
38599,alichoeib1970,2026-10-01 07:49:18+03:00,9
38600,mehwaralmokawma,2026-10-01 07:50:13+03:00,9
38853,alichoeib1970,2026-10-02 23:57:21+03:00,33
38854,sameralhajali,2026-10-02 23:57:57+03:00,33
38855,mehwaralmokawma,2026-10-02 23:58:15+03:00,33
38856,nabatiehchannel,2026-10-02 23:58:10+03:00,33
38859,Janoubana,2026-10-03 00:02:55+03:00,8
38917,hashemsayed,2026-10-03 10:10:00+03:00,6
38920,Janoubana,2026-10-03 10:49:14+03:00,6
39078,alichoeib1970,2026-10-03 23:57:12+03:00,12
39079,sameralhajali,2026-10-03 23:57:31+03:00,12
39080,nabatiehchannel,2026-10-03 23:58:31+03:00,12
39081,nabatiehchannel,2026-10-03 23:58:32+03:00,12
39082,Janoubana,2026-10-04 00:04:55+03:00,38
39266,sameralhajali,2026-10-04 23:59:48+03:00,46
39289,mehwaralmokawma,2026-10-04 23:57:28+03:00,46
39316,Janoubana,2026-10-05 01:07:17+03:00,22
39324,nabatiehchannel,2026-10-05 00:24:55+03:00,22
39329,alichoeib1970,2026-10-04 23:57:21+03:00,46
40279,nabatiehchannel,2026-10-05 23:36:41+03:00,17
40281,alichoeib1970,2026-10-05 23:57:35+03:00,16
40282,sameralhajali,2026-10-05 23:58:21+03:00,16
40285,Janoubana,2026-10-06 01:01:53+03:00,13
40459,alichoeib1970,2026-10-07 00:03:19+03:00,14
40463,nabatiehchannel,2026-10-07 00:06:41+03:00,14
40467,mehwaralmokawma,2026-10-07 00:19:54+03:00,14
