message_id,channel,items,would_match,would_create,different_condition,window_start,window_end
1239,mehwaralmokawma,7,4,2,1,2026-09-18 00:00:00+03:00,2026-09-18 08:07:32+03:00
1240,alichoeib1970,7,4,2,1,2026-09-18 00:00:00+03:00,2026-09-18 08:07:03+03:00
2187,mehwaralmokawma,7,4,2,1,2026-09-18 00:00:00+03:00,2026-09-18 08:07:32+03:00
2188,alichoeib1970,7,4,2,1,2026-09-18 00:00:00+03:00,2026-09-18 08:07:03+03:00
27993,nabatiehchannel,36,11,5,20,2026-09-09 00:00:00+03:00,2026-09-09 23:59:59.999999+03:00
28010,sameralhajali,36,11,5,20,2026-09-09 00:00:00+03:00,2026-09-09 23:59:59.999999+03:00
28038,alichoeib1970,36,11,5,20,2026-09-09 00:00:00+03:00,2026-09-09 23:59:59.999999+03:00
28539,nabatiehchannel,7,2,2,3,2026-08-25 00:00:00+03:00,2026-08-25 09:24:35+03:00
28776,Janoubana,7,4,2,1,2026-08-24 00:00:00+03:00,2026-08-24 09:43:17+03:00
29223,nabatiehchannel,19,5,11,3,2026-09-08 00:00:00+03:00,2026-09-08 23:59:59.999999+03:00
30312,mehwaralmokawma,28,21,3,4,2026-09-06 00:00:00+03:00,2026-09-06 23:59:59.999999+03:00
30338,alichoeib1970,19,5,11,3,2026-09-08 00:00:00+03:00,2026-09-08 23:59:59.999999+03:00
30354,alichoeib1970,28,21,3,4,2026-09-06 00:00:00+03:00,2026-09-06 23:59:59.999999+03:00
30362,nabatiehchannel,28,21,3,4,2026-09-06 00:00:00+03:00,2026-09-06 23:59:59.999999+03:00
30365,Janoubana,29,22,3,4,2026-09-06 00:00:00+03:00,2026-09-06 23:59:59.999999+03:00
32271,sameralhajali,19,5,11,3,2026-09-08 00:00:00+03:00,2026-09-08 23:59:59.999999+03:00
32358,mehwaralmokawma,19,5,11,3,2026-09-08 00:00:00+03:00,2026-09-08 23:59:59.999999+03:00
33092,nabatiehchannel,28,21,3,4,2026-09-13 00:00:00+03:00,2026-09-13 23:59:59.999999+03:00
33105,Janoubana,28,21,3,4,2026-09-13 00:00:00+03:00,2026-09-13 23:59:59.999999+03:00
33149,alichoeib1970,28,21,3,4,2026-09-13 00:00:00+03:00,2026-09-13 23:59:59.999999+03:00
